<?xml version="1.0" encoding="UTF-8"?>
<project-private xmlns="http://www.netbeans.org/ns/project-private/1">
    <editor-bookmarks xmlns="http://www.netbeans.org/ns/editor-bookmarks/2" lastBookmarkId="0"/>
    <open-files xmlns="http://www.netbeans.org/ns/projectui-open-files/2">
        <group>
            <file>file:/C:/xampp/htdocs/e-pos-catering-bilqis/application/views/view_belanja.php</file>
            <file>file:/C:/xampp/htdocs/e-pos-catering-bilqis/application/views/view_karyawan.php</file>
            <file>file:/C:/xampp/htdocs/e-pos-catering-bilqis/application/views/view_menu_makanan.php</file>
            <file>file:/C:/xampp/htdocs/e-pos-catering-bilqis/application/controllers/main.php</file>
            <file>file:/C:/xampp/htdocs/e-pos-catering-bilqis/application/views/insert_pemesanan.php</file>
            <file>file:/C:/xampp/htdocs/e-pos-catering-bilqis/application/views/view_member.php</file>
            <file>file:/C:/xampp/htdocs/e-pos-catering-bilqis/application/views/view_kas.php</file>
            <file>file:/C:/xampp/htdocs/e-pos-catering-bilqis/application/views/view_pemesanan.php</file>
            <file>file:/C:/xampp/htdocs/e-pos-catering-bilqis/application/views/insert_belanja.php</file>
        </group>
    </open-files>
</project-private>
